{
    "run_mode": "search",
    "source_plan_file": "N/A",
    "probe_model": "FinalSearch_LGBM_Probe",
    "best_score_during_search": 0.3607042596762893,
    "best_feature_plan": [
        {
            "operation": "create_lag",
            "feature": "temp",
            "days": 1,
            "id": "lag1"
        },
        {
            "operation": "create_learned_embedding",
            "window": 365,
            "id": "LE_Yearly_v1"
        },
        {
            "operation": "create_pca_embedding",
            "source_id": "LE_Yearly_v1",
            "n_components": 8,
            "id": "PCA_Yearly_v1"
        },
        {
            "operation": "delete_feature",
            "source_id": "LE_Yearly_v1"
        }
    ],
    "final_features": [
        "dayofweek",
        "month",
        "weekofyear",
        "is_weekend",
        "temp_lag1",
        "pca_0_PCA_Yearly_v1",
        "pca_1_PCA_Yearly_v1",
        "pca_2_PCA_Yearly_v1",
        "pca_3_PCA_Yearly_v1",
        "pca_4_PCA_Yearly_v1",
        "pca_5_PCA_Yearly_v1",
        "pca_6_PCA_Yearly_v1",
        "pca_7_PCA_Yearly_v1"
    ],
    "final_validation_scores": {
        "LightGBM": {
            "r2": 0.3340698616097393,
            "mae": 31907.639441337873,
            "rmse": 72340.82267641828
        },
        "RandomForest": {
            "r2": 0.19038575897371335,
            "mae": 36336.400588235294,
            "rmse": 79764.23007134991
        },
        "XGBoost": {
            "r2": 0.29410939244609213,
            "mae": 34406.82929887308,
            "rmse": 74479.6813250408
        },
        "CatBoost": {
            "r2": 0.33504052396945394,
            "mae": 31208.542904215752,
            "rmse": 72288.08131816365
        },
        "TabNet": {
            "r2": -0.888388606974718,
            "mae": 83680.95971326511,
            "rmse": 121818.93374974398
        },
        "SimpleNN": {
            "r2": 0.2566529766867628,
            "mae": 32409.04793897858,
            "rmse": 76430.18511481294
        },
        "EnhancedNN": {
            "r2": 0.3128934561956419,
            "mae": 29804.427150560463,
            "rmse": 73482.03083190035
        },
        "Transformer": {
            "r2": 0.31444638629055066,
            "mae": 31360.329109055307,
            "rmse": 73398.94545924316
        }
    },
    "best_final_model": {
        "name": "CatBoost",
        "metrics": {
            "r2": 0.33504052396945394,
            "mae": 31208.542904215752,
            "rmse": 72288.08131816365
        }
    },
    "run_history": [
        {
            "iteration": 1,
            "plan": [
                {
                    "operation": "create_learned_embedding",
                    "window": 365,
                    "id": "LE_Yearly_v1"
                },
                {
                    "operation": "create_pca_embedding",
                    "source_id": "LE_Yearly_v1",
                    "n_components": 8,
                    "id": "PCA_Yearly_v1"
                },
                {
                    "operation": "delete_feature",
                    "source_id": "LE_Yearly_v1"
                }
            ],
            "probe_results": {
                "primary_score": 0.3607042596762893,
                "r2_score": 0.3607042596762893,
                "num_features": 13
            },
            "adopted": true,
            "reward": 0.04744869331884627
        },
        {
            "iteration": 2,
            "plan": [
                {
                    "operation": "create_residual_embedding",
                    "n_components": 8,
                    "id": "ResEmbed_v1"
                }
            ],
            "probe_results": {
                "primary_score": 0.32687249273777297,
                "r2_score": 0.32687249273777297,
                "num_features": 21
            },
            "adopted": false,
            "reward": -0.033831766938516306
        },
        {
            "iteration": 3,
            "plan": [
                {
                    "operation": "create_learned_embedding",
                    "window": 730,
                    "id": "LE_BiYearly_v1"
                },
                {
                    "operation": "create_pca_embedding",
                    "source_id": "LE_BiYearly_v1",
                    "n_components": 8,
                    "id": "PCA_BiYearly_v1"
                },
                {
                    "operation": "delete_feature",
                    "source_id": "LE_BiYearly_v1"
                }
            ],
            "probe_results": {
                "primary_score": 0.3478774802073329,
                "r2_score": 0.3478774802073329,
                "num_features": 21
            },
            "adopted": false,
            "reward": -0.012826779468956384
        },
        {
            "iteration": 4,
            "plan": [
                {
                    "operation": "create_learned_embedding",
                    "window": 730,
                    "id": "LE_Biennial_v1"
                },
                {
                    "operation": "create_pca_embedding",
                    "source_id": "LE_Biennial_v1",
                    "n_components": 8,
                    "id": "PCA_Biennial_v1"
                },
                {
                    "operation": "delete_feature",
                    "source_id": "LE_Biennial_v1"
                }
            ],
            "probe_results": {
                "primary_score": 0.3478774802073329,
                "r2_score": 0.3478774802073329,
                "num_features": 21
            },
            "adopted": false,
            "reward": -0.012826779468956384
        },
        {
            "iteration": 5,
            "plan": [
                {
                    "operation": "create_residual_embedding",
                    "n_components": 8,
                    "id": "ResEmbed_v2"
                }
            ],
            "probe_results": {
                "primary_score": 0.32687249273777297,
                "r2_score": 0.32687249273777297,
                "num_features": 21
            },
            "adopted": false,
            "reward": -0.033831766938516306
        },
        {
            "iteration": 6,
            "plan": [
                {
                    "operation": "create_learned_embedding",
                    "window": 730,
                    "id": "LE_BiYearly_v1"
                },
                {
                    "operation": "create_pca_embedding",
                    "source_id": "LE_BiYearly_v1",
                    "n_components": 8,
                    "id": "PCA_BiYearly_v1"
                },
                {
                    "operation": "delete_feature",
                    "source_id": "LE_BiYearly_v1"
                }
            ],
            "probe_results": {
                "primary_score": 0.3478774802073329,
                "r2_score": 0.3478774802073329,
                "num_features": 21
            },
            "adopted": false,
            "reward": -0.012826779468956384
        },
        {
            "iteration": 7,
            "plan": [
                {
                    "operation": "create_residual_embedding",
                    "n_components": 8,
                    "id": "ResEmbed_v1"
                }
            ],
            "probe_results": {
                "primary_score": 0.32687249273777297,
                "r2_score": 0.32687249273777297,
                "num_features": 21
            },
            "adopted": false,
            "reward": -0.033831766938516306
        },
        {
            "iteration": 8,