{
    "judge_model": "SimpleNN",
    "best_score_achieved": 0.9032557445316509,
    "final_cross_val_scores": {
        "LightGBM": {
            "r2": 0.7185868475082258,
            "mae": 23020.60567365785,
            "rmse": 47118.10134014728
        },
        "RandomForest": {
            "r2": 0.8858828245015972,
            "mae": 17699.36503298111,
            "rmse": 30004.824660109236
        },
        "XGBoost": {
            "r2": 0.8051895504445181,
            "mae": 19904.201628775707,
            "rmse": 39203.21736162629
        },
        "SimpleNN": {
            "r2": 0.9058551416397767,
            "mae": 17562.29885825032,
            "rmse": 27252.973218285006
        },
        "EnhancedNN (LSTM+Attn)": {
            "r2": 0.878373109370167,
            "mae": 19973.631600583427,
            "rmse": 30976.36038698427
        },
        "Transformer": {
            "r2": 0.8907730412367558,
            "mae": 18298.302081659705,
            "rmse": 29354.89336286732
        }
    },
    "best_feature_plan": [],
    "final_feature_columns": [
        "date",
        "sales",
        "store_id",
        "product_category",
        "sales_L1A",
        "sales_T1A",
        "sales_D1A",
        "sales_T1B",
        "sales_D2A",
        "sales_T2A"
    ]
}