{
    "run_mode": "search",
    "source_plan_file": "N/A",
    "probe_model": "FinalSearch_LGBM_Probe",
    "best_score_during_search": 0.7193689034989668,
    "best_feature_plan": [
        {
            "operation": "create_lag",
            "feature": "temp",
            "days": 1,
            "id": "lag1"
        }
    ],
    "final_features": [
        "dayofweek",
        "month",
        "weekofyear",
        "is_weekend",
        "temp_lag1"
    ],
    "final_validation_scores": {
        "LightGBM": {
            "r2": 0.7063189309564488,
            "mae": 1.7632874424226952,
            "rmse": 2.2239443968214636
        },
        "RandomForest": {
            "r2": 0.6650257259508425,
            "mae": 1.8702743417047185,
            "rmse": 2.375153465543306
        },
        "XGBoost": {
            "r2": 0.6636530484112328,
            "mae": 1.875547596722433,
            "rmse": 2.3800150128478568
        },
        "CatBoost": {
            "r2": 0.7132956569682701,
            "mae": 1.7365798803496073,
            "rmse": 2.1973694612976273
        },
        "TabNet": {
            "r2": 0.6245340983682193,
            "mae": 2.025821072826647,
            "rmse": 2.514613250429054
        },
        "SimpleNN": {
            "r2": 0.7044155396982488,
            "mae": 1.7627654777161064,
            "rmse": 2.2311396166861104
        },
        "EnhancedNN": {
            "r2": 0.6973339631706454,
            "mae": 1.7854284863276022,
            "rmse": 2.2577081130524808
        },
        "Transformer": {
            "r2": 0.7053226340632242,
            "mae": 1.7488852446699794,
            "rmse": 2.22771350749914
        }
    },
    "best_final_model": {
        "name": "CatBoost",
        "metrics": {
            "r2": 0.7132956569682701,
            "mae": 1.7365798803496073,
            "rmse": 2.1973694612976273
        }
    },
    "run_history": [
        {
            "iteration": 1,
            "plan": [
                {
                    "operation": "create_fourier_features",
                    "period": 365.25,
                    "order": 2,
                    "id": "F_Year"
                },
                {
                    "operation": "create_interaction",
                    "features": [
                        "dayofweek",
                        "is_weekend"
                    ],
                    "id": "Interaction_Day_Weekend"
                }
            ],
            "probe_results": {
                "primary_score": 0.7185646195708769,
                "r2_score": 0.7185646195708769,
                "num_features": 10
            },
            "adopted": true,
            "reward": -0.000804283928089844
        },
        {
            "iteration": 2,
            "plan": [
                {
                    "operation": "create_fourier_features",
                    "period": 365.25,
                    "order": 2,
                    "id": "F_Yearly"
                },
                {
                    "operation": "create_learned_embedding",
                    "window": 90,
                    "id": "LE_Quarterly"
                }
            ],
            "probe_results": {
                "primary_score": 0.7109266430464911,
                "r2_score": 0.7109266430464911,
                "num_features": 42
            },
            "adopted": false,
            "reward": -0.007637976524385803
        },
        {
            "iteration": 3,
            "plan": [
                {
                    "operation": "create_interaction",
                    "features": [
                        "month",
                        "dayofweek"
                    ],
                    "id": "Interaction_Month_Day"
                },
                {
                    "operation": "create_fourier_features",
                    "period": 182.625,
                    "order": 2,
                    "id": "F_HalfYear"
                }
            ],
            "probe_results": {
                "primary_score": 0.7155255413859662,
                "r2_score": 0.7155255413859662,
                "num_features": 15
            },
            "adopted": true,
            "reward": -0.0030390781849106707
        },
        {
            "iteration": 4,
            "plan": [
                {
                    "operation": "create_fourier_features",
                    "period": 365.25,
                    "order": 2,
                    "id": "F_Year"
                },
                {
                    "operation": "create_interaction",
                    "features": [
                        "dayofweek",
                        "is_weekend"
                    ],
                    "id": "Interaction_Day_Weekend"
                }
            ],
            "probe_results": {
                "primary_score": 0.7155255413859662,
                "r2_score": 0.7155255413859662,
                "num_features": 15
            },
            "adopted": true,
            "reward": 0.0
        },
        {
            "iteration": 5,
            "plan": [
                {
                    "operation": "create_fourier_features",
                    "period": 365.25,
                    "order": 2,
                    "id": "F_Year"
                },
                {
                    "operation": "create_interaction",
                    "features": [
                        "month",
                        "weekofyear"
                    ],
                    "id": "Interaction_Month_Week"
                }
            ],
            "probe_results": {
                "primary_score": 0.715237296706285,
                "r2_score": 0.715237296706285,
                "num_features": 16
            },
            "adopted": true,
            "reward": -0.0002882446796812488
        },
        {
            "iteration": 6,
            "plan": [
                {
                    "operation": "create_fourier_features",
                    "period": 365.25,
                    "order": 2,
                    "id": "F_Year"
                },
                {
                    "operation": "create_interaction",
                    "features": [
                        "month",
                        "dayofweek"
                    ],
                    "id": "Interaction_Month_Day"
                }
            ],
            "probe_results": {
                "primary_score": 0.715237296706285,
                "r2_score": 0.715237296706285,
                "num_features": 16
            },
            "adopted": true,
            "reward": 0.0
        },
        {
            "iteration": 7,
            "plan": [
                {
                    "operation": "create_fourier_features",
                    "period": 91.3125,
                    "order": 2,
                    "id": "F_QuarterYear"
                },
                {
                    "operation": "create_interaction",
                    "features": [
                        "is_weekend",
                        "weekofyear"
                    ],
                    "id": "Interaction_Weekend_Week"
                }
            ],
            "probe_results": {
                "primary_score": 0.7188298515488678,
                "r2_score": 0.7188298515488678,
                "num_features": 21
            },
            "adopted": true,
            "reward": 0.003592554842582807
        },
        {
            "iteration": 8,
            "plan": [
                {
                    "operation": "create_fourier_features",
                    "period": 182.625,
                    "order": 2,