{
    "run_mode": "search",
    "source_plan_file": "N/A",
    "probe_model": "FinalSearch_LGBM_Probe",
    "best_score_during_search": 0.313255566357443,
    "best_feature_plan": [
        {
            "operation": "create_lag",
            "feature": "temp",
            "days": 1,
            "id": "lag1"
        }
    ],
    "final_features": [
        "dayofweek",
        "month",
        "weekofyear",
        "is_weekend",
        "temp_lag1"
    ],
    "final_validation_scores": {
        "LightGBM": {
            "r2": 0.30391367147827064,
            "mae": 34053.01242125459,
            "rmse": 73960.63993229563
        },
        "RandomForest": {
            "r2": 0.26309325943142126,
            "mae": 32974.24639386189,
            "rmse": 76098.37319348026
        },
        "XGBoost": {
            "r2": 0.04257556090171921,
            "mae": 37564.82470828005,
            "rmse": 86740.388433688
        },
        "CatBoost": {
            "r2": 0.30618604069684363,
            "mae": 30766.363212084878,
            "rmse": 73839.81923699763
        },
        "TabNet": {
            "r2": -0.8888718099484434,
            "mae": 83677.11508682134,
            "rmse": 121834.51833487874
        },
        "SimpleNN": {
            "r2": 0.32329754861657556,
            "mae": 30665.00190816816,
            "rmse": 72923.58031681267
        },
        "EnhancedNN": {
            "r2": 0.32100072193723106,
            "mae": 31739.81829443734,
            "rmse": 73047.23210897496
        },
        "Transformer": {
            "r2": 0.33268870733778966,
            "mae": 29733.381678588554,
            "rmse": 72415.80207611786
        }
    },
    "best_final_model": {
        "name": "Transformer",
        "metrics": {
            "r2": 0.33268870733778966,
            "mae": 29733.381678588554,
            "rmse": 72415.80207611786
        }
    },
    "run_history": [
        {
            "iteration": 1,
            "plan": [
                {
                    "operation": "create_rolling_std",
                    "feature": "month",
                    "window": 3,
                    "id": "fallback_err"
                }
            ],
            "probe_results": {
                "primary_score": 0.31113487278426477,
                "r2_score": 0.31113487278426477,
                "num_features": 6
            },
            "adopted": true,
            "reward": -0.002120693573178234
        },
        {
            "iteration": 2,
            "plan": [
                {
                    "operation": "create_rolling_std",
                    "feature": "month",
                    "window": 3,
                    "id": "fallback_err"
                }
            ],
            "probe_results": {
                "primary_score": 0.31113487278426477,
                "r2_score": 0.31113487278426477,
                "num_features": 6
            },
            "adopted": true,
            "reward": 0.0
        },
        {
            "iteration": 3,
            "plan": [
                {
                    "operation": "create_rolling_std",
                    "feature": "month",
                    "window": 3,
                    "id": "fallback_err"
                }
            ],
            "probe_results": {
                "primary_score": 0.31113487278426477,
                "r2_score": 0.31113487278426477,
                "num_features": 6
            },
            "adopted": true,
            "reward": 0.0
        },
        {
            "iteration": 4,
            "plan": [
                {
                    "operation": "create_rolling_std",
                    "feature": "month",
                    "window": 3,
                    "id": "fallback_err"
                }
            ],
            "probe_results": {
                "primary_score": 0.31113487278426477,
                "r2_score": 0.31113487278426477,
                "num_features": 6
            },
            "adopted": true,
            "reward": 0.0
        },
        {
            "iteration": 5,
            "plan": [
                {
                    "operation": "create_rolling_std",
                    "feature": "month",
                    "window": 3,
                    "id": "fallback_err"
                }
            ],
            "probe_results": {
                "primary_score": 0.31113487278426477,
                "r2_score": 0.31113487278426477,
                "num_features": 6
            },
            "adopted": true,
            "reward": 0.0
        },
        {
            "iteration": 6,
            "plan": [
                {
                    "operation": "create_rolling_std",
                    "feature": "month",
                    "window": 3,
                    "id": "fallback_err"
                }
            ],
            "probe_results": {
                "primary_score": 0.31113487278426477,
                "r2_score": 0.31113487278426477,
                "num_features": 6
            },
            "adopted": true,
            "reward": 0.0
        },
        {
            "iteration": 7,
            "plan": [
                {
                    "operation": "create_rolling_std",
                    "feature": "month",
                    "window": 3,
                    "id": "fallback_err"
                }
            ],
            "probe_results": {
                "primary_score": 0.31113487278426477,
                "r2_score": 0.31113487278426477,
                "num_features": 6
            },
            "adopted": true,
            "reward": 0.0
        },
        {
            "iteration": 8,
            "plan": [
                {
                    "operation": "create_rolling_std",
                    "feature": "month",
                    "window": 3,
                    "id": "fallback_err"
                }
            ],
            "probe_results": {
                "primary_score": 0.31113487278426477,
                "r2_score": 0.31113487278426477,
                "num_features": 6
            },
            "adopted": true,
            "reward": 0.0
        },
        {
            "iteration": 9,
            "plan": [
                {
                    "operation": "create_rolling_std",
                    "feature": "month",
                    "window": 3,
                    "id": "fallback_err"
                }
            ],
            "probe_results": {
                "primary_score": 0.31113487278426477,
                "r2_score": 0.31113487278426477,
                "num_features": 6
            },
            "adopted": true,
            "reward": 0.0
        },
        {
            "iteration": 10,
            "plan": [
                {
                    "operation": "create_rolling_std",
                    "feature": "month",
                    "window": 3,
                    "id": "fallback_err"
                }
            ],
            "probe_results": {
                "primary_score": 0.31113487278426477,
                "r2_score": 0.31113487278426477,
                "num_features": 6
            },
            "adopted": true,
            "reward": 0.0
        }
    ]
}