{
    "probe_model": "DynamicProbe",
    "probe_config": {
        "description": "Multi-faceted: Blend of LGBM+NN scores, stability, and diversity.",
        "n_probes": 3
    },
    "best_score_during_search": 0.7105688404342074,
    "best_feature_plan": [
        {
            "operation": "create_lag",
            "feature": "temp",
            "days": 1,
            "id": "lag1"
        }
    ],
    "final_features": [
        "dayofweek",
        "month",
        "weekofyear",
        "is_weekend",
        "temp_lag1"
    ],
    "final_validation_scores": {
        "LightGBM": {
            "r2": 0.7105688404342072,
            "mae": 1.7507689759724574,
            "rmse": 2.2077942141221336
        },
        "RandomForest": {
            "r2": 0.666042465340617,
            "mae": 1.8649298602957165,
            "rmse": 2.371546102918866
        },
        "XGBoost": {
            "r2": 0.6663734666880553,
            "mae": 1.8563194404522034,
            "rmse": 2.3703705349504673
        },
        "SimpleNN": {
            "r2": 0.7209499902562365,
            "mae": 1.700701447708966,
            "rmse": 2.1678387229981313
        },
        "EnhancedNN": {
            "r2": 0.6992816325258338,
            "mae": 1.7853152656555176,
            "rmse": 2.2504321630331954
        },
        "Transformer": {
            "r2": 0.6863252260622348,
            "mae": 1.8184826743766052,
            "rmse": 2.298400700939547
        }
    },
    "best_final_model": {
        "name": "SimpleNN",
        "metrics": {
            "r2": 0.7209499902562365,
            "mae": 1.700701447708966,
            "rmse": 2.1678387229981313
        }
    },
    "run_history": [
        {
            "iteration": 1,
            "plan": [
                {
                    "operation": "create_rolling_std",
                    "feature": "month",
                    "window": 3,
                    "id": "fallback_err"
                }
            ],
            "probe_results": {
                "primary_score": 0.707766020477341,
                "score_stability": 0.0,
                "importance_diversity": 0.6665668888891112,
                "model_scores": {
                    "lgbm": 0.707766020477341,
                    "nn": 0.7105899481264005
                },
                "feature_importances": {
                    "temp_lag1": 1478.0,
                    "weekofyear": 760.0,
                    "dayofweek": 425.0,
                    "month": 195.0,
                    "month_fallback_err": 142.0,
                    "is_weekend": 0.0
                }
            },
            "adopted": true
        },
        {
            "iteration": 2,
            "plan": [
                {
                    "operation": "create_rolling_std",
                    "feature": "month",
                    "window": 3,
                    "id": "fallback_err"
                }
            ],
            "probe_results": {
                "primary_score": 0.707766020477341,
                "score_stability": 0.0,
                "importance_diversity": 0.6665668888891112,
                "model_scores": {
                    "lgbm": 0.707766020477341,
                    "nn": 0.7160997763531153
                },
                "feature_importances": {
                    "temp_lag1": 1478.0,
                    "weekofyear": 760.0,
                    "dayofweek": 425.0,
                    "month": 195.0,
                    "month_fallback_err": 142.0,
                    "is_weekend": 0.0
                }
            },
            "adopted": true
        },
        {
            "iteration": 3,
            "plan": [
                {
                    "operation": "create_rolling_std",
                    "feature": "month",
                    "window": 3,
                    "id": "fallback_err"
                }
            ],
            "probe_results": {
                "primary_score": 0.707766020477341,
                "score_stability": 0.0,
                "importance_diversity": 0.6665668888891112,
                "model_scores": {
                    "lgbm": 0.707766020477341,
                    "nn": 0.7095554261731293
                },
                "feature_importances": {
                    "temp_lag1": 1478.0,
                    "weekofyear": 760.0,
                    "dayofweek": 425.0,
                    "month": 195.0,
                    "month_fallback_err": 142.0,
                    "is_weekend": 0.0
                }
            },
            "adopted": true
        },
        {
            "iteration": 4,
            "plan": [
                {
                    "operation": "create_rolling_std",
                    "feature": "month",
                    "window": 3,
                    "id": "fallback_err"
                }
            ],
            "probe_results": {
                "primary_score": 0.707766020477341,
                "score_stability": 0.0,
                "importance_diversity": 0.6665668888891112,
                "model_scores": {
                    "lgbm": 0.707766020477341,
                    "nn": 0.7146877097654315
                },
                "feature_importances": {
                    "temp_lag1": 1478.0,
                    "weekofyear": 760.0,
                    "dayofweek": 425.0,
                    "month": 195.0,
                    "month_fallback_err": 142.0,
                    "is_weekend": 0.0
                }
            },
            "adopted": true
        },
        {
            "iteration": 5,
            "plan": [
                {
                    "operation": "create_rolling_std",
                    "feature": "month",
                    "window": 3,
                    "id": "fallback_err"
                }
            ],
            "probe_results": {
                "primary_score": 0.7038149794827833,
                "score_stability": 0.0,
                "importance_diversity": 0.6665668888891112,
                "model_scores": {
                    "lgbm": 0.707766020477341,
                    "nn": 0.7038149794827834
                },
                "feature_importances": {
                    "temp_lag1": 1478.0,
                    "weekofyear": 760.0,
                    "dayofweek": 425.0,
                    "month": 195.0,
                    "month_fallback_err": 142.0,
                    "is_weekend": 0.0
                }
            },
            "adopted": true
        },
        {
            "iteration": 6,
            "plan": [
                {
                    "operation": "create_rolling_std",
                    "feature": "month",
                    "window": 3,
                    "id": "fallback_err"
                }
            ],
            "probe_results": {
                "primary_score": 0.707766020477341,
                "score_stability": 0.0,
                "importance_diversity": 0.6665668888891112,
                "model_scores": {
                    "lgbm": 0.707766020477341,
                    "nn": 0.7147381200727468
                },
                "feature_importances": {
                    "temp_lag1": 1478.0,
                    "weekofyear": 760.0,
                    "dayofweek": 425.0,
                    "month": 195.0,
                    "month_fallback_err": 142.0,
                    "is_weekend": 0.0
                }
            },
            "adopted": true
        },
        {
            "iteration": 7,
            "plan": [
                {
                    "operation": "create_rolling_std",
                    "feature": "month",
                    "window": 3,