{
    "run_mode": "search",
    "source_plan_file": "N/A",
    "probe_model": "FinalSearch_LGBM_Probe",
    "best_score_during_search": 0.313255566357443,
    "best_feature_plan": [
        {
            "operation": "create_lag",
            "feature": "temp",
            "days": 1,
            "id": "lag1"
        }
    ],
    "final_features": [
        "dayofweek",
        "month",
        "weekofyear",
        "is_weekend",
        "temp_lag1"
    ],
    "final_validation_scores": {
        "LightGBM": {
            "r2": 0.30391367147827064,
            "mae": 34053.01242125459,
            "rmse": 73960.63993229563
        },
        "RandomForest": {
            "r2": 0.26309325943142126,
            "mae": 32974.24639386189,
            "rmse": 76098.37319348026
        },
        "XGBoost": {
            "r2": 0.04257556090171921,
            "mae": 37564.82470828005,
            "rmse": 86740.388433688
        },
        "CatBoost": {
            "r2": 0.30618604069684363,
            "mae": 30766.363212084878,
            "rmse": 73839.81923699763
        },
        "TabNet": {
            "r2": -0.8888718099484434,
            "mae": 83677.11508682134,
            "rmse": 121834.51833487874
        },
        "SimpleNN": {
            "r2": 0.32329754861657556,
            "mae": 30665.00190816816,
            "rmse": 72923.58031681267
        },
        "EnhancedNN": {
            "r2": 0.32100072193723106,
            "mae": 31739.81829443734,
            "rmse": 73047.23210897496
        },
        "Transformer": {
            "r2": 0.33268870733778966,
            "mae": 29733.381678588554,
            "rmse": 72415.80207611786
        }
    },
    "best_final_model": {
        "name": "Transformer",
        "metrics": {
            "r2": 0.33268870733778966,
            "mae": 29733.381678588554,
            "rmse": 72415.80207611786
        }
    },
    "run_history": [
        {
            "iteration": 1,
            "plan": [
                {
                    "operation": "create_learned_embedding",
                    "window": [
                        90,
                        365
                    ],
                    "id": "embedding_1"
                },
                {
                    "operation": "create_pca_embedding",
                    "source_id": "embedding_1",
                    "n_components": [
                        8,
                        16
                    ],
                    "id": "pca_embedding_1"
                },
                {
                    "operation": "delete_feature",
                    "source_id": "embedding_1"
                }
            ],
            "probe_results": {
                "primary_score": 0.313255566357443,
                "r2_score": 0.313255566357443,
                "num_features": 5
            },
            "adopted": true,
            "reward": 0.0
        },
        {
            "iteration": 2,
            "plan": [
                {
                    "operation": "create_learned_embedding",
                    "window": [
                        90,
                        365
                    ],
                    "id": "embedding_1"
                },
                {
                    "operation": "create_pca_embedding",
                    "source_id": "embedding_1",
                    "n_components": [
                        8,
                        12
                    ],
                    "id": "pca_embedding_1"
                },
                {
                    "operation": "delete_feature",
                    "source_id": "embedding_1"
                }
            ],
            "probe_results": {
                "primary_score": 0.313255566357443,
                "r2_score": 0.313255566357443,
                "num_features": 5
            },
            "adopted": true,
            "reward": 0.0
        },
        {
            "iteration": 3,
            "plan": [
                {
                    "operation": "create_residual_embedding",
                    "n_components": [
                        8,
                        16
                    ],
                    "id": "residual_embedding_1"
                }
            ],
            "probe_results": {
                "primary_score": 0.313255566357443,
                "r2_score": 0.313255566357443,
                "num_features": 5
            },
            "adopted": true,
            "reward": 0.0
        },
        {
            "iteration": 4,
            "plan": [
                {
                    "operation": "create_residual_embedding",
                    "n_components": [
                        8,
                        12
                    ],
                    "id": "residual_embedding_1"
                }
            ],
            "probe_results": {
                "primary_score": 0.313255566357443,
                "r2_score": 0.313255566357443,
                "num_features": 5
            },
            "adopted": true,
            "reward": 0.0
        },
        {
            "iteration": 5,
            "plan": [
                {
                    "operation": "create_learned_embedding",
                    "window": [
                        90,
                        365
                    ],
                    "id": "learned_embedding_1"
                },
                {
                    "operation": "create_pca_embedding",
                    "source_id": "learned_embedding_1",
                    "n_components": [
                        8,
                        12
                    ],
                    "id": "pca_embedding_1"
                },
                {
                    "operation": "delete_feature",
                    "source_id": "learned_embedding_1"
                }
            ],
            "probe_results": {
                "primary_score": 0.313255566357443,
                "r2_score": 0.313255566357443,
                "num_features": 5
            },
            "adopted": true,
            "reward": 0.0
        },
        {
            "iteration": 6,
            "plan": [
                {
                    "operation": "create_residual_embedding",
                    "n_components": [
                        8,
                        16
                    ],
                    "id": "residual_embedding_1"
                }
            ],
            "probe_results": {
                "primary_score": 0.313255566357443,
                "r2_score": 0.313255566357443,
                "num_features": 5
            },
            "adopted": true,
            "reward": 0.0
        },
        {
            "iteration": 7,
            "plan": [
                {
                    "operation": "create_learned_embedding",
                    "window": [
                        90,
                        365
                    ],
                    "id": "learned_embedding_1"
                },
                {
                    "operation": "create_pca_embedding",
                    "source_id": "learned_embedding_1",
                    "n_components": [
                        8,
                        12
                    ],
                    "id": "pca_embedding_1"
                },
                {
                    "operation": "delete_feature",
                    "source_id": "learned_embedding_1"
                }
            ],
            "probe_results": {
                "primary_score": 0.313255566357443,
                "r2_score": 0.313255566357443,
                "num_features": 5
            },
            "adopted": true,